Replace,Search
experience,comfort
experience,reliability
experience,seat
experience,sound
experience,fun
performance,handle
performance,transmission
performance,cylinder
performance,speed
performance,control
performance,drive
performance,power
performance,brake
performance,tire
performance,mph
performance,turn
performance,steer
type,make
type,model
type,manual
type,wheel
type,base
type,fuel
type,midsize
type,brand
type,small
type,build
type,automatic
value,price
value,cost
value,warranty
value,mpg
value,quality
value,mileage
value,new
value,old
value,mile
value,feature
value,economy
value,cheap
aesthetics,big
aesthetics,long
aesthetics,little
aesthetics,pretty
aesthetics,interior
aesthetics,design
aesthetics,style